Dataset,N,M (Tamanho Tabela),Função Hash,Load Factor,Rodada,Tempo Real (ms),Tempo CPU (ms),Memória Pico (KB),Iterações,Colisões Totais
dados_10000.csv,10000,10000,Divisão,1.0,1,0.0115,0.007,0.64,1,0
dados_10000.csv,10000,10000,Divisão,1.0,2,0.0032,0.004,0.14,1,0
dados_10000.csv,10000,10000,Divisão,1.0,3,0.0026,0.002,0.14,1,0
dados_10000.csv,10000,10000,Divisão,1.0,4,0.0022,0.002,0.14,1,0
dados_10000.csv,10000,10000,Divisão,1.0,5,0.0022,0.003,0.14,1,0
dados_10000.csv,10000,10000,Multiplicação,1.0,1,0.011,0.01,0.14,1,1086
dados_10000.csv,10000,10000,Multiplicação,1.0,2,0.0092,0.009,0.14,1,1086
dados_10000.csv,10000,10000,Multiplicação,1.0,3,0.0027,0.002,0.14,1,1086
dados_10000.csv,10000,10000,Multiplicação,1.0,4,0.0025,0.002,0.14,1,1086
dados_10000.csv,10000,10000,Multiplicação,1.0,5,0.0024,0.002,0.14,1,1086
dados_10000.csv,10000,10000,Meio-Quadrado,1.0,1,0.0123,0.01,0.24,18,9000
dados_10000.csv,10000,10000,Meio-Quadrado,1.0,2,0.0062,0.005,0.24,18,9000
dados_10000.csv,10000,10000,Meio-Quadrado,1.0,3,0.0056,0.005,0.24,18,9000
dados_10000.csv,10000,10000,Meio-Quadrado,1.0,4,0.0052,0.005,0.24,18,9000
dados_10000.csv,10000,10000,Meio-Quadrado,1.0,5,0.0051,0.005,0.24,18,9000
dados_10000.csv,10000,100000,Divisão,0.1,1,0.0075,0.006,0.14,0,0
dados_10000.csv,10000,100000,Divisão,0.1,2,0.0026,0.003,0.14,0,0
dados_10000.csv,10000,100000,Divisão,0.1,3,0.0021,0.002,0.14,0,0
dados_10000.csv,10000,100000,Divisão,0.1,4,0.0023,0.002,0.14,0,0
dados_10000.csv,10000,100000,Divisão,0.1,5,0.002,0.002,0.14,0,0
dados_10000.csv,10000,100000,Multiplicação,0.1,1,0.0077,0.007,0.14,0,0
dados_10000.csv,10000,100000,Multiplicação,0.1,2,0.003,0.002,0.14,0,0
dados_10000.csv,10000,100000,Multiplicação,0.1,3,0.0025,0.002,0.14,0,0
dados_10000.csv,10000,100000,Multiplicação,0.1,4,0.0024,0.002,0.14,0,0
dados_10000.csv,10000,100000,Multiplicação,0.1,5,0.0023,0.002,0.14,0,0
dados_10000.csv,10000,100000,Meio-Quadrado,0.1,1,0.0123,0.01,0.24,18,9000
dados_10000.csv,10000,100000,Meio-Quadrado,0.1,2,0.0063,0.006,0.24,18,9000
dados_10000.csv,10000,100000,Meio-Quadrado,0.1,3,0.0057,0.005,0.24,18,9000
dados_10000.csv,10000,100000,Meio-Quadrado,0.1,4,0.0052,0.006,0.24,18,9000
dados_10000.csv,10000,100000,Meio-Quadrado,0.1,5,0.0051,0.005,0.24,18,9000
dados_10000.csv,10000,500000,Divisão,0.02,1,0.0068,0.005,0.14,0,0
dados_10000.csv,10000,500000,Divisão,0.02,2,0.0025,0.002,0.14,0,0
dados_10000.csv,10000,500000,Divisão,0.02,3,0.0021,0.001,0.14,0,0
dados_10000.csv,10000,500000,Divisão,0.02,4,0.0022,0.001,0.14,0,0
dados_10000.csv,10000,500000,Divisão,0.02,5,0.0021,0.001,0.14,0,0
dados_10000.csv,10000,500000,Multiplicação,0.02,1,0.0088,0.006,0.14,0,0
dados_10000.csv,10000,500000,Multiplicação,0.02,2,0.0029,0.002,0.14,0,0
dados_10000.csv,10000,500000,Multiplicação,0.02,3,0.0025,0.002,0.14,0,0
dados_10000.csv,10000,500000,Multiplicação,0.02,4,0.0024,0.001,0.14,0,0
dados_10000.csv,10000,500000,Multiplicação,0.02,5,0.0024,0.002,0.14,0,0
dados_10000.csv,10000,500000,Meio-Quadrado,0.02,1,0.0124,0.011,0.24,18,9000
dados_10000.csv,10000,500000,Meio-Quadrado,0.02,2,0.0062,0.005,0.24,18,9000
dados_10000.csv,10000,500000,Meio-Quadrado,0.02,3,0.0054,0.005,0.24,18,9000
dados_10000.csv,10000,500000,Meio-Quadrado,0.02,4,0.0053,0.004,0.24,18,9000
dados_10000.csv,10000,500000,Meio-Quadrado,0.02,5,0.0052,0.004,0.24,18,9000
dados_50000.csv,50000,10000,Divisão,5.0,1,0.0092,0.008,0.14,5,40000
dados_50000.csv,50000,10000,Divisão,5.0,2,0.003,0.002,0.14,5,40000
dados_50000.csv,50000,10000,Divisão,5.0,3,0.0026,0.002,0.14,5,40000
dados_50000.csv,50000,10000,Divisão,5.0,4,0.0027,0.002,0.14,5,40000
dados_50000.csv,50000,10000,Divisão,5.0,5,0.0025,0.002,0.14,5,40000
dados_50000.csv,50000,10000,Multiplicação,5.0,1,0.009,0.008,0.14,5,40000
dados_50000.csv,50000,10000,Multiplicação,5.0,2,0.0034,0.002,0.14,5,40000
dados_50000.csv,50000,10000,Multiplicação,5.0,3,0.0027,0.002,0.14,5,40000
dados_50000.csv,50000,10000,Multiplicação,5.0,4,0.0029,0.003,0.14,5,40000
dados_50000.csv,50000,10000,Multiplicação,5.0,5,0.0026,0.002,0.14,5,40000
dados_50000.csv,50000,10000,Meio-Quadrado,5.0,1,0.0291,0.028,0.24,72,49000
dados_50000.csv,50000,10000,Meio-Quadrado,5.0,2,0.0099,0.01,0.24,72,49000
dados_50000.csv,50000,10000,Meio-Quadrado,5.0,3,0.009,0.008,0.24,72,49000
dados_50000.csv,50000,10000,Meio-Quadrado,5.0,4,0.0082,0.007,0.24,72,49000
dados_50000.csv,50000,10000,Meio-Quadrado,5.0,5,0.0081,0.007,0.24,72,49000
dados_50000.csv,50000,100000,Divisão,0.5,1,0.0069,0.005,0.14,0,0
dados_50000.csv,50000,100000,Divisão,0.5,2,0.0027,0.002,0.14,0,0
dados_50000.csv,50000,100000,Divisão,0.5,3,0.0023,0.002,0.14,0,0
dados_50000.csv,50000,100000,Divisão,0.5,4,0.0023,0.002,0.14,0,0
dados_50000.csv,50000,100000,Divisão,0.5,5,0.0022,0.001,0.14,0,0
dados_50000.csv,50000,100000,Multiplicação,0.5,1,0.008,0.006,0.14,0,0
dados_50000.csv,50000,100000,Multiplicação,0.5,2,0.0033,0.002,0.16,0,0
dados_50000.csv,50000,100000,Multiplicação,0.5,3,0.0026,0.002,0.16,0,0
dados_50000.csv,50000,100000,Multiplicação,0.5,4,0.0024,0.003,0.16,0,0
dados_50000.csv,50000,100000,Multiplicação,0.5,5,0.0025,0.002,0.16,0,0
dados_50000.csv,50000,100000,Meio-Quadrado,0.5,1,0.0435,0.037,0.24,72,49000
dados_50000.csv,50000,100000,Meio-Quadrado,0.5,2,0.0135,0.013,0.24,72,49000
dados_50000.csv,50000,100000,Meio-Quadrado,0.5,3,0.009,0.01,0.24,72,49000
dados_50000.csv,50000,100000,Meio-Quadrado,0.5,4,0.0086,0.008,0.24,72,49000
dados_50000.csv,50000,100000,Meio-Quadrado,0.5,5,0.0087,0.008,0.24,72,49000
dados_50000.csv,50000,500000,Divisão,0.1,1,0.0068,0.005,0.14,0,0
dados_50000.csv,50000,500000,Divisão,0.1,2,0.0027,0.002,0.14,0,0
dados_50000.csv,50000,500000,Divisão,0.1,3,0.0023,0.002,0.14,0,0
dados_50000.csv,50000,500000,Divisão,0.1,4,0.0022,0.001,0.14,0,0
dados_50000.csv,50000,500000,Divisão,0.1,5,0.0021,0.001,0.14,0,0
dados_50000.csv,50000,500000,Multiplicação,0.1,1,0.0075,0.006,0.14,0,0
dados_50000.csv,50000,500000,Multiplicação,0.1,2,0.003,0.002,0.14,0,0
dados_50000.csv,50000,500000,Multiplicação,0.1,3,0.0025,0.002,0.14,0,0
dados_50000.csv,50000,500000,Multiplicação,0.1,4,0.0025,0.002,0.14,0,0
dados_50000.csv,50000,500000,Multiplicação,0.1,5,0.0023,0.001,0.14,0,0
dados_50000.csv,50000,500000,Meio-Quadrado,0.1,1,0.0292,0.028,0.24,72,49000
dados_50000.csv,50000,500000,Meio-Quadrado,0.1,2,0.0095,0.009,0.24,72,49000
dados_50000.csv,50000,500000,Meio-Quadrado,0.1,3,0.0087,0.008,0.24,72,49000
dados_50000.csv,50000,500000,Meio-Quadrado,0.1,4,0.0088,0.008,0.24,72,49000
dados_50000.csv,50000,500000,Meio-Quadrado,0.1,5,0.008,0.008,0.24,72,49000
dados_100000.csv,100000,10000,Divisão,10.0,1,0.0105,0.009,0.14,10,90000
dados_100000.csv,100000,10000,Divisão,10.0,2,0.0033,0.002,0.14,10,90000
dados_100000.csv,100000,10000,Divisão,10.0,3,0.0028,0.002,0.14,10,90000
dados_100000.csv,100000,10000,Divisão,10.0,4,0.0028,0.003,0.14,10,90000
dados_100000.csv,100000,10000,Divisão,10.0,5,0.0027,0.002,0.14,10,90000
dados_100000.csv,100000,10000,Multiplicação,10.0,1,0.0103,0.007,0.14,10,90000
dados_100000.csv,100000,10000,Multiplicação,10.0,2,0.0039,0.004,0.16,10,90000
dados_100000.csv,100000,10000,Multiplicação,10.0,3,0.0032,0.002,0.16,10,90000
dados_100000.csv,100000,10000,Multiplicação,10.0,4,0.0032,0.003,0.16,10,90000
dados_100000.csv,100000,10000,Multiplicação,10.0,5,0.0032,0.003,0.16,10,90000
dados_100000.csv,100000,10000,Meio-Quadrado,10.0,1,0.0452,0.044,0.24,144,99000
dados_100000.csv,100000,10000,Meio-Quadrado,10.0,2,0.0146,0.014,0.24,144,99000
dados_100000.csv,100000,10000,Meio-Quadrado,10.0,3,0.0132,0.012,0.24,144,99000
dados_100000.csv,100000,10000,Meio-Quadrado,10.0,4,0.0129,0.012,0.24,144,99000
dados_100000.csv,100000,10000,Meio-Quadrado,10.0,5,0.0135,0.013,0.24,144,99000
dados_100000.csv,100000,100000,Divisão,1.0,1,0.0087,0.007,0.14,1,0
dados_100000.csv,100000,100000,Divisão,1.0,2,0.0029,0.003,0.14,1,0
dados_100000.csv,100000,100000,Divisão,1.0,3,0.0022,0.002,0.14,1,0
dados_100000.csv,100000,100000,Divisão,1.0,4,0.0022,0.002,0.14,1,0
dados_100000.csv,100000,100000,Divisão,1.0,5,0.0023,0.003,0.14,1,0
dados_100000.csv,100000,100000,Multiplicação,1.0,1,0.0091,0.007,0.14,1,19429
dados_100000.csv,100000,100000,Multiplicação,1.0,2,0.0035,0.003,0.16,1,19429
dados_100000.csv,100000,100000,Multiplicação,1.0,3,0.0027,0.002,0.16,1,19429
dados_100000.csv,100000,100000,Multiplicação,1.0,4,0.0027,0.002,0.16,1,19429
dados_100000.csv,100000,100000,Multiplicação,1.0,5,0.0027,0.002,0.16,1,19429
dados_100000.csv,100000,100000,Meio-Quadrado,1.0,1,0.0583,0.056,0.24,144,99000
dados_100000.csv,100000,100000,Meio-Quadrado,1.0,2,0.0149,0.014,0.24,144,99000
dados_100000.csv,100000,100000,Meio-Quadrado,1.0,3,0.0133,0.013,0.24,144,99000
dados_100000.csv,100000,100000,Meio-Quadrado,1.0,4,0.0133,0.013,0.24,144,99000
dados_100000.csv,100000,100000,Meio-Quadrado,1.0,5,0.0131,0.012,0.24,144,99000
dados_100000.csv,100000,500000,Divisão,0.2,1,0.0111,0.009,0.14,0,0
dados_100000.csv,100000,500000,Divisão,0.2,2,0.0029,0.003,0.14,0,0
dados_100000.csv,100000,500000,Divisão,0.2,3,0.0023,0.002,0.14,0,0
dados_100000.csv,100000,500000,Divisão,0.2,4,0.0021,0.002,0.14,0,0
dados_100000.csv,100000,500000,Divisão,0.2,5,0.0022,0.002,0.14,0,0
dados_100000.csv,100000,500000,Multiplicação,0.2,1,0.0102,0.009,0.14,0,0
dados_100000.csv,100000,500000,Multiplicação,0.2,2,0.0032,0.003,0.14,0,0
dados_100000.csv,100000,500000,Multiplicação,0.2,3,0.0024,0.001,0.14,0,0
dados_100000.csv,100000,500000,Multiplicação,0.2,4,0.0025,0.002,0.14,0,0
dados_100000.csv,100000,500000,Multiplicação,0.2,5,0.0023,0.002,0.14,0,0
dados_100000.csv,100000,500000,Meio-Quadrado,0.2,1,0.0432,0.042,0.24,144,99000
dados_100000.csv,100000,500000,Meio-Quadrado,0.2,2,0.0146,0.014,0.24,144,99000
dados_100000.csv,100000,500000,Meio-Quadrado,0.2,3,0.0134,0.014,0.24,144,99000
dados_100000.csv,100000,500000,Meio-Quadrado,0.2,4,0.0245,0.024,0.24,144,99000
dados_100000.csv,100000,500000,Meio-Quadrado,0.2,5,0.0135,0.013,0.24,144,99000
dados_250000.csv,250000,10000,Divisão,25.0,1,0.0147,0.012,0.14,25,240000
dados_250000.csv,250000,10000,Divisão,25.0,2,0.0045,0.005,0.14,25,240000
dados_250000.csv,250000,10000,Divisão,25.0,3,0.0037,0.003,0.14,25,240000
dados_250000.csv,250000,10000,Divisão,25.0,4,0.0035,0.003,0.14,25,240000
dados_250000.csv,250000,10000,Divisão,25.0,5,0.0035,0.004,0.14,25,240000
dados_250000.csv,250000,10000,Multiplicação,25.0,1,0.0163,0.015,0.14,24,240000
dados_250000.csv,250000,10000,Multiplicação,25.0,2,0.0049,0.004,0.16,24,240000
dados_250000.csv,250000,10000,Multiplicação,25.0,3,0.004,0.003,0.16,24,240000
dados_250000.csv,250000,10000,Multiplicação,25.0,4,0.0043,0.004,0.16,24,240000
dados_250000.csv,250000,10000,Multiplicação,25.0,5,0.0039,0.003,0.16,24,240000
dados_250000.csv,250000,10000,Meio-Quadrado,25.0,1,0.1385,0.134,0.24,289,249000
dados_250000.csv,250000,10000,Meio-Quadrado,25.0,2,0.0352,0.036,0.24,289,249000
dados_250000.csv,250000,10000,Meio-Quadrado,25.0,3,0.0298,0.029,0.24,289,249000
dados_250000.csv,250000,10000,Meio-Quadrado,25.0,4,0.0295,0.03,0.24,289,249000
dados_250000.csv,250000,10000,Meio-Quadrado,25.0,5,0.03,0.03,0.24,289,249000
dados_250000.csv,250000,100000,Divisão,2.5,1,0.0095,0.008,0.14,2,150000
dados_250000.csv,250000,100000,Divisão,2.5,2,0.003,0.002,0.14,2,150000
dados_250000.csv,250000,100000,Divisão,2.5,3,0.0023,0.002,0.14,2,150000
dados_250000.csv,250000,100000,Divisão,2.5,4,0.0025,0.002,0.14,2,150000
dados_250000.csv,250000,100000,Divisão,2.5,5,0.0022,0.002,0.14,2,150000
dados_250000.csv,250000,100000,Multiplicação,2.5,1,0.0087,0.007,0.14,3,150000
dados_250000.csv,250000,100000,Multiplicação,2.5,2,0.0037,0.003,0.16,3,150000
dados_250000.csv,250000,100000,Multiplicação,2.5,3,0.003,0.003,0.16,3,150000
dados_250000.csv,250000,100000,Multiplicação,2.5,4,0.0027,0.002,0.16,3,150000
dados_250000.csv,250000,100000,Multiplicação,2.5,5,0.0026,0.002,0.16,3,150000
dados_250000.csv,250000,100000,Meio-Quadrado,2.5,1,0.1039,0.102,0.24,289,249000
dados_250000.csv,250000,100000,Meio-Quadrado,2.5,2,0.0326,0.032,0.24,289,249000
dados_250000.csv,250000,100000,Meio-Quadrado,2.5,3,0.0303,0.03,0.24,289,249000
dados_250000.csv,250000,100000,Meio-Quadrado,2.5,4,0.0284,0.028,0.24,289,249000
dados_250000.csv,250000,100000,Meio-Quadrado,2.5,5,0.0288,0.028,0.24,289,249000
dados_250000.csv,250000,500000,Divisão,0.5,1,0.0085,0.007,0.14,0,0
dados_250000.csv,250000,500000,Divisão,0.5,2,0.0028,0.003,0.14,0,0
dados_250000.csv,250000,500000,Divisão,0.5,3,0.0023,0.002,0.14,0,0
dados_250000.csv,250000,500000,Divisão,0.5,4,0.0022,0.001,0.14,0,0
dados_250000.csv,250000,500000,Divisão,0.5,5,0.0021,0.002,0.14,0,0
dados_250000.csv,250000,500000,Multiplicação,0.5,1,0.0084,0.007,0.14,0,0
dados_250000.csv,250000,500000,Multiplicação,0.5,2,0.0032,0.004,0.16,0,0
dados_250000.csv,250000,500000,Multiplicação,0.5,3,0.0027,0.002,0.16,0,0
dados_250000.csv,250000,500000,Multiplicação,0.5,4,0.0027,0.002,0.16,0,0
dados_250000.csv,250000,500000,Multiplicação,0.5,5,0.0025,0.002,0.16,0,0
dados_250000.csv,250000,500000,Meio-Quadrado,0.5,1,0.1069,0.105,0.24,289,249000
dados_250000.csv,250000,500000,Meio-Quadrado,0.5,2,0.0322,0.03,0.24,289,249000
dados_250000.csv,250000,500000,Meio-Quadrado,0.5,3,0.0297,0.029,0.24,289,249000
dados_250000.csv,250000,500000,Meio-Quadrado,0.5,4,0.0285,0.028,0.24,289,249000
dados_250000.csv,250000,500000,Meio-Quadrado,0.5,5,0.0283,0.028,0.24,289,249000
dados_500000.csv,500000,10000,Divisão,50.0,1,0.0317,0.03,0.14,50,490000
dados_500000.csv,500000,10000,Divisão,50.0,2,0.0058,0.005,0.14,50,490000
dados_500000.csv,500000,10000,Divisão,50.0,3,0.005,0.004,0.14,50,490000
dados_500000.csv,500000,10000,Divisão,50.0,4,0.0052,0.005,0.14,50,490000
dados_500000.csv,500000,10000,Divisão,50.0,5,0.0048,0.004,0.14,50,490000
dados_500000.csv,500000,10000,Multiplicação,50.0,1,0.022,0.019,0.14,49,490000
dados_500000.csv,500000,10000,Multiplicação,50.0,2,0.0063,0.005,0.16,49,490000
dados_500000.csv,500000,10000,Multiplicação,50.0,3,0.0055,0.005,0.16,49,490000
dados_500000.csv,500000,10000,Multiplicação,50.0,4,0.0053,0.006,0.16,49,490000
dados_500000.csv,500000,10000,Multiplicação,50.0,5,0.0057,0.005,0.16,49,490000
dados_500000.csv,500000,10000,Meio-Quadrado,50.0,1,0.3382,0.333,0.24,544,499000
dados_500000.csv,500000,10000,Meio-Quadrado,50.0,2,0.0964,0.096,0.24,544,499000
dados_500000.csv,500000,10000,Meio-Quadrado,50.0,3,0.0935,0.094,0.24,544,499000
dados_500000.csv,500000,10000,Meio-Quadrado,50.0,4,0.0942,0.093,0.24,544,499000
dados_500000.csv,500000,10000,Meio-Quadrado,50.0,5,0.0931,0.093,0.24,544,499000
dados_500000.csv,500000,100000,Divisão,5.0,1,0.0109,0.009,0.14,5,400000
dados_500000.csv,500000,100000,Divisão,5.0,2,0.003,0.003,0.14,5,400000
dados_500000.csv,500000,100000,Divisão,5.0,3,0.0027,0.003,0.14,5,400000
dados_500000.csv,500000,100000,Divisão,5.0,4,0.0024,0.003,0.14,5,400000
dados_500000.csv,500000,100000,Divisão,5.0,5,0.0025,0.002,0.14,5,400000
dados_500000.csv,500000,100000,Multiplicação,5.0,1,0.01,0.009,0.14,6,400000
dados_500000.csv,500000,100000,Multiplicação,5.0,2,0.0037,0.003,0.16,6,400000
dados_500000.csv,500000,100000,Multiplicação,5.0,3,0.003,0.002,0.16,6,400000
dados_500000.csv,500000,100000,Multiplicação,5.0,4,0.0029,0.002,0.16,6,400000
dados_500000.csv,500000,100000,Multiplicação,5.0,5,0.0029,0.003,0.16,6,400000
dados_500000.csv,500000,100000,Meio-Quadrado,5.0,1,0.2195,0.217,0.24,544,499000
dados_500000.csv,500000,100000,Meio-Quadrado,5.0,2,0.0972,0.096,0.24,544,499000
dados_500000.csv,500000,100000,Meio-Quadrado,5.0,3,0.0962,0.096,0.24,544,499000
dados_500000.csv,500000,100000,Meio-Quadrado,5.0,4,0.0954,0.096,0.24,544,499000
dados_500000.csv,500000,100000,Meio-Quadrado,5.0,5,0.0952,0.094,0.24,544,499000
dados_500000.csv,500000,500000,Divisão,1.0,1,0.0122,0.011,0.14,1,0
dados_500000.csv,500000,500000,Divisão,1.0,2,0.0027,0.003,0.14,1,0
dados_500000.csv,500000,500000,Divisão,1.0,3,0.0025,0.001,0.14,1,0
dados_500000.csv,500000,500000,Divisão,1.0,4,0.0023,0.002,0.14,1,0
dados_500000.csv,500000,500000,Divisão,1.0,5,0.0022,0.003,0.14,1,0
dados_500000.csv,500000,500000,Multiplicação,1.0,1,0.0113,0.009,0.14,1,45454
dados_500000.csv,500000,500000,Multiplicação,1.0,2,0.0032,0.002,0.16,1,45454
dados_500000.csv,500000,500000,Multiplicação,1.0,3,0.0027,0.002,0.16,1,45454
dados_500000.csv,500000,500000,Multiplicação,1.0,4,0.0027,0.003,0.16,1,45454
dados_500000.csv,500000,500000,Multiplicação,1.0,5,0.0025,0.002,0.16,1,45454
dados_500000.csv,500000,500000,Meio-Quadrado,1.0,1,0.2373,0.233,0.24,544,499000
dados_500000.csv,500000,500000,Meio-Quadrado,1.0,2,0.0955,0.095,0.24,544,499000
dados_500000.csv,500000,500000,Meio-Quadrado,1.0,3,0.095,0.094,0.24,544,499000
dados_500000.csv,500000,500000,Meio-Quadrado,1.0,4,0.0961,0.095,0.24,544,499000
dados_500000.csv,500000,500000,Meio-Quadrado,1.0,5,0.094,0.094,0.24,544,499000
dados_750000.csv,750000,10000,Divisão,75.0,1,0.0489,0.048,0.14,75,740000
dados_750000.csv,750000,10000,Divisão,75.0,2,0.0075,0.006,0.14,75,740000
dados_750000.csv,750000,10000,Divisão,75.0,3,0.0068,0.008,0.14,75,740000
dados_750000.csv,750000,10000,Divisão,75.0,4,0.0065,0.006,0.14,75,740000
dados_750000.csv,750000,10000,Divisão,75.0,5,0.0065,0.006,0.14,75,740000
dados_750000.csv,750000,10000,Multiplicação,75.0,1,0.033,0.03,0.14,74,740000
dados_750000.csv,750000,10000,Multiplicação,75.0,2,0.0076,0.007,0.16,74,740000
dados_750000.csv,750000,10000,Multiplicação,75.0,3,0.0069,0.006,0.16,74,740000
dados_750000.csv,750000,10000,Multiplicação,75.0,4,0.0067,0.006,0.16,74,740000
dados_750000.csv,750000,10000,Multiplicação,75.0,5,0.0064,0.006,0.16,74,740000
dados_750000.csv,750000,10000,Meio-Quadrado,75.0,1,0.3197,0.317,0.24,796,749000
dados_750000.csv,750000,10000,Meio-Quadrado,75.0,2,0.1607,0.16,0.24,796,749000
dados_750000.csv,750000,10000,Meio-Quadrado,75.0,3,0.1581,0.157,0.24,796,749000
dados_750000.csv,750000,10000,Meio-Quadrado,75.0,4,0.1617,0.161,0.24,796,749000
dados_750000.csv,750000,10000,Meio-Quadrado,75.0,5,0.1586,0.158,0.24,796,749000
dados_750000.csv,750000,100000,Divisão,7.5,1,0.011,0.008,0.14,7,650000
dados_750000.csv,750000,100000,Divisão,7.5,2,0.0031,0.004,0.14,7,650000
dados_750000.csv,750000,100000,Divisão,7.5,3,0.0028,0.002,0.14,7,650000
dados_750000.csv,750000,100000,Divisão,7.5,4,0.0025,0.002,0.14,7,650000
dados_750000.csv,750000,100000,Divisão,7.5,5,0.0025,0.003,0.14,7,650000
dados_750000.csv,750000,100000,Multiplicação,7.5,1,0.0142,0.013,0.14,9,650000
dados_750000.csv,750000,100000,Multiplicação,7.5,2,0.0038,0.004,0.16,9,650000
dados_750000.csv,750000,100000,Multiplicação,7.5,3,0.0031,0.003,0.16,9,650000
dados_750000.csv,750000,100000,Multiplicação,7.5,4,0.003,0.003,0.16,9,650000
dados_750000.csv,750000,100000,Multiplicação,7.5,5,0.0031,0.004,0.16,9,650000
dados_750000.csv,750000,100000,Meio-Quadrado,7.5,1,0.4355,0.431,0.24,796,749000
dados_750000.csv,750000,100000,Meio-Quadrado,7.5,2,0.1638,0.163,0.24,796,749000
dados_750000.csv,750000,100000,Meio-Quadrado,7.5,3,0.1667,0.167,0.24,796,749000
dados_750000.csv,750000,100000,Meio-Quadrado,7.5,4,0.1571,0.156,0.24,796,749000
dados_750000.csv,750000,100000,Meio-Quadrado,7.5,5,0.1566,0.157,0.24,796,749000
dados_750000.csv,750000,500000,Divisão,1.5,1,0.0108,0.009,0.14,1,250000
dados_750000.csv,750000,500000,Divisão,1.5,2,0.0027,0.003,0.14,1,250000
dados_750000.csv,750000,500000,Divisão,1.5,3,0.0025,0.002,0.14,1,250000
dados_750000.csv,750000,500000,Divisão,1.5,4,0.0022,0.002,0.14,1,250000
dados_750000.csv,750000,500000,Divisão,1.5,5,0.0021,0.003,0.14,1,250000
dados_750000.csv,750000,500000,Multiplicação,1.5,1,0.0132,0.011,0.14,2,268262
dados_750000.csv,750000,500000,Multiplicação,1.5,2,0.0035,0.003,0.16,2,268262
dados_750000.csv,750000,500000,Multiplicação,1.5,3,0.0028,0.002,0.16,2,268262
dados_750000.csv,750000,500000,Multiplicação,1.5,4,0.0028,0.002,0.16,2,268262
dados_750000.csv,750000,500000,Multiplicação,1.5,5,0.0026,0.002,0.16,2,268262
dados_750000.csv,750000,500000,Meio-Quadrado,1.5,1,0.504,0.502,0.24,796,749000
dados_750000.csv,750000,500000,Meio-Quadrado,1.5,2,0.1701,0.169,0.24,796,749000
dados_750000.csv,750000,500000,Meio-Quadrado,1.5,3,0.1596,0.158,0.24,796,749000
dados_750000.csv,750000,500000,Meio-Quadrado,1.5,4,0.1625,0.162,0.24,796,749000
dados_750000.csv,750000,500000,Meio-Quadrado,1.5,5,0.1606,0.16,0.24,796,749000
dados_1000000.csv,1000000,10000,Divisão,100.0,1,0.046,0.045,0.14,100,990000
dados_1000000.csv,1000000,10000,Divisão,100.0,2,0.0091,0.008,0.14,100,990000
dados_1000000.csv,1000000,10000,Divisão,100.0,3,0.0082,0.008,0.14,100,990000
dados_1000000.csv,1000000,10000,Divisão,100.0,4,0.0078,0.008,0.14,100,990000
dados_1000000.csv,1000000,10000,Divisão,100.0,5,0.0079,0.007,0.14,100,990000
dados_1000000.csv,1000000,10000,Multiplicação,100.0,1,0.0473,0.046,0.14,100,990000
dados_1000000.csv,1000000,10000,Multiplicação,100.0,2,0.0094,0.009,0.16,100,990000
dados_1000000.csv,1000000,10000,Multiplicação,100.0,3,0.0085,0.008,0.16,100,990000
dados_1000000.csv,1000000,10000,Multiplicação,100.0,4,0.0082,0.007,0.16,100,990000
dados_1000000.csv,1000000,10000,Multiplicação,100.0,5,0.0082,0.007,0.16,100,990000
dados_1000000.csv,1000000,10000,Meio-Quadrado,100.0,1,0.5053,0.505,0.24,1081,999000
dados_1000000.csv,1000000,10000,Meio-Quadrado,100.0,2,0.2564,0.256,0.24,1081,999000
dados_1000000.csv,1000000,10000,Meio-Quadrado,100.0,3,0.2354,0.234,0.24,1081,999000
dados_1000000.csv,1000000,10000,Meio-Quadrado,100.0,4,0.2349,0.234,0.24,1081,999000
dados_1000000.csv,1000000,10000,Meio-Quadrado,100.0,5,0.2365,0.236,0.24,1081,999000
dados_1000000.csv,1000000,100000,Divisão,10.0,1,0.0112,0.01,0.14,10,900000
dados_1000000.csv,1000000,100000,Divisão,10.0,2,0.0035,0.003,0.14,10,900000
dados_1000000.csv,1000000,100000,Divisão,10.0,3,0.003,0.003,0.14,10,900000
dados_1000000.csv,1000000,100000,Divisão,10.0,4,0.0028,0.002,0.14,10,900000
dados_1000000.csv,1000000,100000,Divisão,10.0,5,0.003,0.002,0.14,10,900000
dados_1000000.csv,1000000,100000,Multiplicação,10.0,1,0.012,0.011,0.14,11,900000
dados_1000000.csv,1000000,100000,Multiplicação,10.0,2,0.004,0.003,0.16,11,900000
dados_1000000.csv,1000000,100000,Multiplicação,10.0,3,0.0033,0.003,0.16,11,900000
dados_1000000.csv,1000000,100000,Multiplicação,10.0,4,0.0032,0.002,0.16,11,900000
dados_1000000.csv,1000000,100000,Multiplicação,10.0,5,0.0032,0.002,0.16,11,900000
dados_1000000.csv,1000000,100000,Meio-Quadrado,10.0,1,0.5251,0.525,0.24,1081,999000
dados_1000000.csv,1000000,100000,Meio-Quadrado,10.0,2,0.2345,0.234,0.24,1081,999000
dados_1000000.csv,1000000,100000,Meio-Quadrado,10.0,3,0.2355,0.235,0.24,1081,999000
dados_1000000.csv,1000000,100000,Meio-Quadrado,10.0,4,0.232,0.231,0.24,1081,999000
dados_1000000.csv,1000000,100000,Meio-Quadrado,10.0,5,0.231,0.23,0.24,1081,999000
dados_1000000.csv,1000000,500000,Divisão,2.0,1,0.0084,0.008,0.14,2,500000
dados_1000000.csv,1000000,500000,Divisão,2.0,2,0.0029,0.002,0.14,2,500000
dados_1000000.csv,1000000,500000,Divisão,2.0,3,0.0023,0.003,0.14,2,500000
dados_1000000.csv,1000000,500000,Divisão,2.0,4,0.0024,0.002,0.14,2,500000
dados_1000000.csv,1000000,500000,Divisão,2.0,5,0.0023,0.001,0.14,2,500000
dados_1000000.csv,1000000,500000,Multiplicação,2.0,1,0.0121,0.01,0.14,2,500000
dados_1000000.csv,1000000,500000,Multiplicação,2.0,2,0.0033,0.002,0.16,2,500000
dados_1000000.csv,1000000,500000,Multiplicação,2.0,3,0.0028,0.002,0.16,2,500000
dados_1000000.csv,1000000,500000,Multiplicação,2.0,4,0.0026,0.003,0.16,2,500000
dados_1000000.csv,1000000,500000,Multiplicação,2.0,5,0.0028,0.003,0.16,2,500000
dados_1000000.csv,1000000,500000,Meio-Quadrado,2.0,1,0.4927,0.488,0.24,1081,999000
dados_1000000.csv,1000000,500000,Meio-Quadrado,2.0,2,0.2398,0.239,0.24,1081,999000
dados_1000000.csv,1000000,500000,Meio-Quadrado,2.0,3,0.2375,0.237,0.24,1081,999000
dados_1000000.csv,1000000,500000,Meio-Quadrado,2.0,4,0.2377,0.237,0.24,1081,999000
dados_1000000.csv,1000000,500000,Meio-Quadrado,2.0,5,0.2407,0.24,0.24,1081,999000
